{
    "Santo Domingo": [-31.117368, -60.883001],
    "Ataliva": [-30.999324, -61.428412],
    "Colonia Vignaud": [-30.838923, -61.960477]
}
